{"distilbert-base-multilingual-cased": {"syn_hu": 0.6824023492810385}, "bert-base-multilingual-uncased": {"syn_hu": 0.722074735583503, "ant_hu": 0.717287334589222, "syn_en": 0.79346014996581, "ant_en": 0.7750938003989282}, "bert-base-multilingual-cased": {"syn_hu": 0.5632927332691204, "ant_hu": 0.5609021603555736, "syn_en": 0.5289188860975226, "ant_en": 0.5018978259905483}, "NYTK/text-generation-news-gpt2-small-hungarian": {"syn_hu": 0.5717219781714749, "ant_hu": 0.5415410494257994, "syn_en": 0.6182320676318803, "ant_en": 0.6159549340590915}, "NYTK/text-generation-poem-petofi-gpt2-small-hungarian": {"syn_hu": 0.6306462456930798, "ant_hu": 0.6006082052976565, "syn_en": 0.6326308510037462, "ant_en": 0.6294172660219062}, "SZTAKI-HLT/hubert-base-cc": {"syn_hu": 0.9410662500765817, "ant_hu": 0.939179996788529, "syn_en": 0.9354769090465983, "ant_en": 0.9323585145156933}, "sberbank-ai/mGPT": {"syn_hu": 0.8669438558143153, "ant_hu": 0.85937414462522, "syn_en": 0.8728994038749214, "ant_en": 0.8703220840820617}, "NYTK/sentiment-hts2-xlm-roberta-hungarian": {"syn_hu": 0.34177660500533863, "ant_hu": 0.2835821206325076, "syn_en": 0.3351082592695616, "ant_en": 0.3267472495863554}, "NYTK/sentiment-hts5-xlm-roberta-hungarian": {"syn_hu": 0.8192366469365135, "ant_hu": 0.7659460038634724, "syn_en": 0.8034598824887169, "ant_en": 0.7818645143761956}, "NYTK/sentiment-hts5-hubert-hungarian": {"syn_hu": 0.8705190223725047, "ant_hu": 0.826212971883551, "syn_en": 0.867754533185284, "ant_en": 0.8625745139627063}, "NYTK/sentiment-hts2-hubert-hungarian": {"syn_hu": 0.8311294925939299, "ant_hu": 0.7088386121785658, "syn_en": 0.8142648843417848, "ant_en": 0.8117369347724791}, "xlm-roberta-base": {"syn_hu": 0.9935592033390457, "ant_hu": 0.993490363018344, "syn_en": 0.9946075502898118, "ant_en": 0.9943620873074537}, "xlm-roberta-large": {"syn_hu": 0.994551146293982, "ant_hu": 0.994428756098792, "syn_en": 0.9954005020458192, "ant_en": 0.9951756792555159}, "xlm-mlm-100-1280": {"syn_hu": 0.576480388738062, "ant_hu": 0.568805721740109, "syn_en": 0.5294648111323731, "ant_en": 0.5129910235072613}, "facebook/xlm-roberta-xl": {"syn_hu": 0.9443521488765352, "ant_hu": 0.9432152557837755, "syn_en": 0.9475264041841726, "ant_en": 0.9445290021461257}}